{
  "IcoMoonType": "selection",
  "icons": [
    {
      "icon": {
        "paths": [
          "M384 512c0-70.692 57.308-128 128-128s128 57.308 128 128c0 70.692-57.308 128-128 128s-128-57.308-128-128zM664.348 230.526c99.852 54.158 167.652 159.898 167.652 281.474s-67.8 227.316-167.652 281.474c44.066-70.126 71.652-170.27 71.652-281.474s-27.586-211.348-71.652-281.474zM288 512c0 111.204 27.584 211.348 71.652 281.474-99.852-54.16-167.652-159.898-167.652-281.474s67.8-227.314 167.652-281.474c-44.068 70.126-71.652 170.27-71.652 281.474zM96 512c0 171.9 54.404 326.184 140.652 431.722-142.302-90.948-236.652-250.314-236.652-431.722s94.35-340.774 236.652-431.722c-86.248 105.538-140.652 259.822-140.652 431.722zM787.352 80.28c142.298 90.946 236.648 250.312 236.648 431.72s-94.35 340.774-236.648 431.72c86.244-105.536 140.648-259.82 140.648-431.72s-54.404-326.184-140.648-431.72z"
        ],
        "tags": [
          "feed",
          "wave",
          "radio",
          "live",
          "broadcast"
        ],
        "defaultCode": 59677,
        "grid": 16,
        "attrs": []
      },
      "attrs": [],
      "properties": {
        "ligatures": "feed, wave",
        "name": "feed",
        "order": 2,
        "id": 30,
        "prevSize": 32
      },
      "setIdx": 1,
      "setId": 1,
      "iconIdx": 29
    }
  ],
  "height": 1024,
  "preferences": {
    "showGlyphs": true,
    "showQuickUse": true,
    "showQuickUse2": true,
    "showSVGs": true,
    "fontPref": {
      "prefix": "icon-",
      "metadata": {
        "fontFamily": "icomoon"
      },
      "metrics": {
        "emSize": 1024,
        "baseline": 6.25,
        "whitespace": 50
      },
      "embed": false
    },
    "imagePref": {
      "prefix": "icon-",
      "png": true,
      "useClassSelector": true,
      "color": 0,
      "bgColor": 16777215,
      "classSelector": ".icon",
      "name": "icomoon"
    },
    "historySize": 50,
    "showCodes": true,
    "gridSize": 16
  }
}